llm,f1_nodes,f1_requirements,f1_capabilities,f1_properties,f1_global,ted_score,semantic_similarity,codebleu
claude,0.17343846153846154,0.5547615384615384,0.43943846153846156,0.2926384615384615,0.3043461538461539,0.9060538461538462,0.6839538461538462,0.15820769230769233
deepseek,0.04475384615384615,0.0,0.16666923076923076,0.1247846153846154,0.09801538461538462,0.9708307692307692,0.6124461538461539,0.14223846153846154
gemini,0.015384615384615385,0.37344615384615387,0.12233846153846153,0.10377692307692307,0.15376153846153845,0.9612538461538461,0.4759307692307692,0.14118461538461538
gpt,0.03076923076923077,0.4675307692307692,0.46385384615384617,0.21252307692307693,0.2554461538461538,0.931723076923077,0.6642461538461538,0.19484615384615384
grok,0.0475076923076923,0.5609846153846154,0.35146153846153844,0.18266923076923075,0.24391538461538462,0.9536769230769231,0.6560999999999999,0.19194615384615388
llama,0.028923076923076923,0.23889230769230768,0.10805384615384615,0.1741076923076923,0.14077692307692308,0.9513384615384616,0.6014923076923077,0.15103846153846154
mistral,0.0,0.0,0.15384615384615385,0.15384615384615385,0.0923076923076923,0.9906846153846154,0.21059230769230772,0.01379230769230769
phi,0.013984615384615384,0.31043846153846155,0.07692307692307693,0.09743846153846153,0.13052307692307694,0.9746153846153847,0.47576153846153846,0.07770769230769231
qwen,0.031023076923076924,0.10555384615384616,0.1282076923076923,0.15384615384615385,0.11448461538461538,0.9656846153846155,0.6044923076923077,0.10112307692307693
