llm,f1_nodes,f1_requirements,f1_capabilities,f1_properties,f1_global,ted_score,semantic_similarity,codebleu
claude,0.1945076923076923,0.4937769230769231,0.45183076923076926,0.3159846153846154,0.3168538461538462,0.8920384615384616,0.7060384615384615,0.21725384615384616
deepseek,0.038461538461538464,0.11538461538461539,0.19230769230769232,0.15384615384615385,0.13590000000000002,0.9569461538461539,0.6317692307692309,0.15305384615384615
gemini,0.025638461538461537,0.3065923076923077,0.2902230769230769,0.18816153846153846,0.19729230769230768,0.9591769230769231,0.4302923076923077,0.16175384615384616
gpt,0.02366923076923077,0.44475384615384617,0.3102538461538462,0.25406923076923077,0.21270769230769232,0.9206461538461539,0.6553461538461539,0.25156923076923077
grok,0.04307692307692308,0.5092769230769231,0.3695923076923077,0.30596153846153845,0.28146923076923075,0.9204076923076923,0.694123076923077,0.2501692307692308
llama,0.049569230769230775,0.15384615384615385,0.3128153846153846,0.2253,0.17907692307692308,0.9519076923076923,0.6810846153846154,0.1839076923076923
mistral,0.0,0.0,0.15384615384615385,0.15384615384615385,0.0923076923076923,0.9886307692307692,0.30295384615384613,0.03558461538461539
phi,0.013984615384615384,0.08846153846153845,0.1282076923076923,0.07692307692307693,0.09228461538461538,0.9773846153846153,0.4162307692307692,0.07207692307692308
qwen,0.026707692307692307,0.2987153846153846,0.15384615384615385,0.15384615384615385,0.16252307692307694,0.9626461538461538,0.6381692307692308,0.09795384615384616
