llm,f1_nodes,f1_requirements,f1_capabilities,f1_properties,f1_global,ted_score,semantic_similarity,codebleu
claude,0.29863076923076926,0.5837,0.5906538461538461,0.5113769230769231,0.44814615384615386,0.8405461538461538,0.7813307692307692,0.2691076923076923
deepseek,0.06623846153846154,0.20513076923076923,0.15384615384615385,0.1978,0.15536923076923076,0.9441153846153847,0.6602230769230769,0.16446923076923078
gemini,0.020376923076923077,0.2875615384615384,0.28534615384615386,0.2632692307692308,0.20207692307692307,0.9326,0.5657384615384615,0.22803846153846155
gpt,0.038092307692307696,0.48083076923076923,0.43516153846153843,0.32168461538461535,0.25516923076923076,0.9057153846153846,0.7556538461538461,0.2842230769230769
grok,0.061369230769230766,0.4800384615384615,0.40952307692307693,0.4061692307692307,0.29191538461538463,0.9242153846153847,0.719546153846154,0.26929230769230766
llama,0.052015384615384616,0.28570769230769233,0.33626153846153845,0.2929538461538462,0.2241615384615385,0.9272923076923077,0.701176923076923,0.17983076923076924
mistral,0.0,0.0,0.15384615384615385,0.15384615384615385,0.0923076923076923,0.9854,0.38153846153846155,0.02303076923076923
phi,0.03897692307692307,0.2961538461538461,0.15256153846153847,0.15384615384615385,0.1642076923076923,0.9391076923076922,0.6778076923076923,0.14052307692307692
qwen,0.02060769230769231,0.16929999999999998,0.13846153846153847,0.0909076923076923,0.11974615384615385,0.9464076923076923,0.6548153846153846,0.1592769230769231
