llm,f1_nodes,f1_requirements,f1_capabilities,f1_properties,f1_global,ted_score,semantic_similarity,codebleu
claude,0.29833846153846155,0.5924923076923077,0.4441384615384615,0.32661538461538464,0.34257692307692306,0.922223076923077,0.7570615384615385,0.19684615384615387
deepseek,0.08596923076923077,0.0,0.16666923076923076,0.08974615384615385,0.12077692307692309,0.9671615384615385,0.6338692307692307,0.13247692307692308
gemini,0.0,0.30402307692307695,0.14523846153846154,0.04626923076923077,0.12065384615384615,0.9460923076923076,0.5116692307692308,0.1476230769230769
gpt,0.047007692307692306,0.47704615384615384,0.5137923076923077,0.4276,0.3136,0.9196307692307693,0.7411153846153845,0.2227230769230769
grok,0.10184615384615384,0.5664230769230769,0.4965230769230769,0.3555076923076923,0.3453846153846154,0.9344615384615385,0.6943692307692307,0.19747692307692308
llama,0.15303846153846154,0.43493076923076923,0.33993076923076926,0.24654615384615383,0.26565384615384613,0.9516230769230769,0.6884615384615385,0.16106923076923077
mistral,0.0,0.0,0.15384615384615385,0.15384615384615385,0.0923076923076923,0.9767461538461538,0.3545615384615385,0.015592307692307692
phi,0.0,0.17582307692307694,0.11538461538461539,0.07692307692307693,0.10439230769230769,0.9685923076923076,0.3690615384615385,0.06866153846153847
qwen,0.038461538461538464,0.23846153846153847,0.05128461538461538,0.1188846153846154,0.12018461538461539,0.9657,0.6374461538461538,0.109
